input_addr;input_cep;output_addr_1;output_addr_2;output_addr_3;output_addr_cep_1;output_addr_cep_2;output_addr_cep_3;lat1;lon1;lat2;lon2;lat3;lon3
AVENIDA A DISTRITO INDUSTRIAL CAMPINAS SP 13054712 BRASIL;13054712;13054 CAMPINAS SAO PAULO;BRAZIL;SP075 DISTRITO INDUSTRIAL CAMPINAS SP 13050009 BRASIL;NA;NA;13050009;-22,99891464;-47,12534289;-10,33333302;-53,20000076;-23,00864;-47,11482
RUA A NOVO TAQUARAL CAMPINAS SP 13077109 BRASIL;13077109;RUA NOVE CAMPINAS SAO PAULO 13086700;RUA NOVO HORIZONTE TAQUARAL CAMPINAS SAO PAULO 13090670 BRAZIL;TAQUARAL CAMPINAS SP BRASIL;13086700;13090670;13076061;-22,79913;-47,04186998;-22,88920014;-47,04456029;-22,88508;-47,05498
VIELA A JARDIM METONOPOLIS CAMPINAS SP 13058451 BRASIL;13058451;13058 CAMPINAS SAO PAULO;13058451 BRAZIL;JARDIM METONOPOLIS CAMPINAS SP BRASIL;NA;13058451;13058450;-22,9431205;-47,19282778;-22,98057938;-47,1652832;-22,95159;-47,18618
RUA A LOTEAMENTO CLAUDE DE BARROS PENTEADO SOUSAS CAMPINAS SP 13105244 BRASIL;13105244;13105 SOUSAS CAMPINAS SAO PAULO;RODOVIA DOUTOR HEITOR PENTEADO SOUSAS CAMPINAS SAO PAULO 13105000 BRAZIL;RUA NAZARIO BASILIO DE ALMEIDA SOUSAS CAMPINAS SP 13105617 BRASIL;NA;13105000;13105617;-22,88881445;-46,9775889;-22,89283345;-46,9938628;-22,88952;-46,97582
RUA A JARDIM ROSALIA IV CAMPINAS SP 13067750 BRASIL;13067750;RUA A CAMPINAS SAO PAULO 13067750;RUA A JARDIM SANTIAGO CAMPINAS SAO PAULO BRAZIL;RUA A CAMPINAS SP 13067750 BRASIL;13067750;NA;13067750;-22,876275;-47,15227503;-22,87631265;-47,15225295;-22,87627;-47,15227
RUA A CHACARAS SAO MARTINHO CAMPINAS SP 13042830 BRASIL;13042830;13042 CAMPINAS SAO PAULO;RUA A AVENIDA MARTINHO LUTERO OURO VERDE CAMPINAS SAO PAULO 13056 BRAZIL;CHACARAS SAO MARTINHO RUA GUILHERME HERCULANO P DE CAM CAMPINAS SP 13042836 BRASIL;NA;NA;13042836;-22,96935806;-47,042665;-22,9817545;-47,1404082;-22,97315;-47,03497
VIELA A NUCLEO RESIDENCIAL PARQUE PINHEIROS CAMPINAS SP 13067238 BRASIL;13067238;13067 CAMPINAS SAO PAULO;RUA JULIA LOPES PINHEIRO NOVA APARECIDA CAMPINAS SAO PAULO 13067358 BRAZIL;NUCLEO RESIDENCIAL PADRE JOSINO CAMPINAS SP BRASIL;NA;13067358;13067398;-23,03473416;-47,0946405;-22,86161355;-47,14705625;-22,86489;-47,14556
RUA A JARDIM MONTE LIBANO CAMPINAS SP 13046429 BRASIL;13046429;AVENIDA RAMO BJARDIM MONTE LIBANO CAMPINAS SAO PAULO 13046395;AVD JOAO ERBOLATO RUA MONTE LIBANO JARDIM CHAPADAO CAMPINAS SAO PAULO 13070070 BRAZIL;JARDIM MONTE LIBANO CAMPINAS SP BRASIL;13046395;13070070;13046420;-22,93796;-47,01355;-22,8867473;-47,0896113;-22,93771;-47,01418
RUA A SENSITIVA JARDIM NOVO CAMPOS ELISEOS CAMPINAS SP 13060421 BRASIL;13060421;RUA A SENSITIVA CAMPINAS SAO PAULO 13060421;RUA A SENSITIVA JARDIM NOVO CAMPOS ELISEOS CAMPINAS SAO PAULO 13060421 BRAZIL;RUA A SENSITIVA JARDIM NOVO CAMPOS ELISEOS CAMPINAS SP 13060421 BRASIL;13060421;13060421;13060421;-22,93388736;-47,1121762;-22,93386938;-47,11211702;-22,93389;-47,11219
RUA ABA PARQUE UNIVERSITARIO DE VIRACOPOS CAMPINAS SP 13056502 BRASIL;13056502;RUA ABA CAMPINAS SAO PAULO 13056502;RUA ABA PARQUE UNIVERSITARIO DE VIRACOPOS CAMPINAS SAO PAULO 13056502 BRAZIL;RUA ABA PARQUE UNIVERSITARIO DE VIRACOPOS CAMPINAS SP 13056502 BRASIL;13056502;13056502;13056502;-22,96916444;-47,14998516;-22,9681281;-47,1499039;-22,96437;-47,14962
RUA ABACAI PARQUE UNIVERSITARIO DE VIRACOPOS CAMPINAS SP 13056481 BRASIL;13056481;RUA ABACAI CAMPINAS SAO PAULO 13056481;RUA ABACAI PARQUE UNIVERSITARIO DE VIRACOPOS CAMPINAS SAO PAULO 13056481 BRAZIL;RUA ABACAI PARQUE UNIVERSITARIO DE VIRACOPOS CAMPINAS SP 13056481 BRASIL;13056481;13056481;13056481;-22,97186705;-47,14263937;-22,9717375;-47,1390348;-22,97176;-47,14084
RUA DA NOSSA SENHORA ABADIA CONJUNTO HABITACIONAL PADRE ANCHIETA CAMPINAS SP 13068511 BRASIL;13068511;RUA NOSSA SENHORA DA ABADIA CAMPINAS SAO PAULO 13068511;RUA NOSSA SENHORA DA ABADIA VILA PADRE ANCHIETA CAMPINAS SAO PAULO 13068513 BRAZIL;RUA NOSSA SENHORA DA ABADIA COHAB PADRE ANCHIETA CAMPINAS SP 13068511 BRASIL;13068511;13068513;13068511;-22,86935;-47,15539004;-22,86931205;-47,1554336;-22,86935;-47,15539
RUA ABAETE PARQUE UNIVERSITARIO DE VIRACOPOS CAMPINAS SP 13056482 BRASIL;13056482;RUA ABAETE CAMPINAS SAO PAULO 13056482;RUA ABAETE PARQUE UNIVERSITARIO DE VIRACOPOS CAMPINAS SAO PAULO 13056482 BRAZIL;RUA ABAETE PARQUE UNIVERSITARIO DE VIRACOPOS CAMPINAS SP 13056482 BRASIL;13056482;13056482;13056482;-22,97126483;-47,14225228;-22,97121535;-47,1401272;-22,97126;-47,14223
RUA ABARE PARQUE UNIVERSITARIO DE VIRACOPOS CAMPINAS SP 13056470 BRASIL;13056470;RUA ABARE CAMPINAS SAO PAULO 13056470;RUA ABA PARQUE UNIVERSITARIO DE VIRACOPOS CAMPINAS SAO PAULO 13056502 BRAZIL;RUA ABARE PARQUE UNIVERSITARIO DE VIRACOPOS CAMPINAS SP 13056470 BRASIL;13056470;13056502;13056470;-22,97093512;-47,14822803;-22,96386628;-47,14970391;-22,97094;-47,14823
RUA ABEL ANTONIO MENDANHA JARDIM NOVO CAMPOS ELISEOS CAMPINAS SP 13050731 BRASIL;13050731;RUA ABEL ANTONIO MENDANHA CAMPINAS SAO PAULO 13050731;RUA ABEL ANTONIO MENDANHA JARDIM NOVO CAMPOS ELISEOS CAMPINAS SAO PAULO 13050731 BRAZIL;RUA ABEL ANTONIO MENDANHA JARDIM NOVO CAMPOS ELISEOS CAMPINAS SP 13050731 BRASIL;13050731;13050731;13050731;-22,94668698;-47,10750589;-22,94681106;-47,10773663;-22,94674;-47,10761
RUA ABEL JOSE BONOMI VILA SANTA ISABEL CAMPINAS SP 13084654 BRASIL;13084654;RUA ABEL JOSE BONOMI BARAO GERALDO CAMPINAS SAO PAULO 13084654;AVENIDA SAO JOSE DOS CAMPOS RUA SANTA ISABEL VILA IPE CAMPINAS SAO PAULO 13040145 BRAZIL;RUA ABEL JOSE BONOMI VILA SANTA ISABEL CAMPINAS SP 13084654 BRASIL;13084654;13040145;13084654;-22,81629984;-47,09444441;-22,9403929;-47,0519347;-22,8163;-47,09444
RUA ABEL LUIS FERREIRA JARDIM DO LAGO CAMPINAS SP 13050023 BRASIL;13050023;RUA ABEL LUIZ FERREIRA CAMPINAS SAO PAULO 13050023;RUA ABEL LUIS FERREIRA NUCLEO RESIDENCIAL JARDIM NOVOS CAMPOS ELISIOS CAMPINAS SAO PAULO 13050023 BRAZIL;RUA ABEL LUIZ FERREIRA JARDIM DO LAGO CAMPINAS SP 13050023 BRASIL;13050023;13050023;13050023;-22,93517119;-47,08719015;-22,9348017;-47,08652075;-22,93517;-47,08719
RUA ABEL PEREIRA DA SILVA JARDIM ITAGUACU II CAMPINAS SP 13053535 BRASIL;13053535;13053 CAMPINAS SAO PAULO;RUA EDSON PEREIRA DA SILVA PARQUE DO M DOM PEDRO II CAMPINAS SAO PAULO 13056630 BRAZIL;RUA MARIO JUNQUEIRA DA SILVA JARDIM EULINA CAMPINAS SP 13063000 BRASIL;NA;13056630;13063000;-23,023058;-47,13923934;-22,96346585;-47,13732085;-22,88675;-47,11324
RUA DOUTOR ABELARDO CERQUEIRA CESAR JARDIM BONFIM CAMPINAS SP 13032535 BRASIL;13032535;RUA DOUTOR ABELARDO CERQUEIRA CESAR CAMPINAS SAO PAULO 13032535;RUA DOUTOR ABELARDO CERQUEIRA CESAR BOTAFOGO CAMPINAS SAO PAULO 13032535 BRAZIL;RUA DOUTOR ABELARDO CERQUEIRA CESAR JARDIM BONFIM CAMPINAS SP 13032535 BRASIL;13032535;13032535;13032535;-22,90638166;-47,08304207;-22,90635695;-47,08299175;-22,90639;-47,08304
VIELA ABELARDO JOSE DOS SANTOS JARDIM SANTO ANTONIO CAMPINAS SP 13054806 BRASIL;13054806;13054 CAMPINAS SAO PAULO;RUA JOSE DOS SANTOS AVENIDA ANTONIO CARVALHO DE MIRANDA NUCLEO RESIDENCIAL JARDIM CAMPOS ELISIOS CAMPINAS SAO PAULO 13033090 BRAZIL;RUA ANTONIO NUNES DOS SANTOS JARDIM PACAEMBU CAMPINAS SP 13033210 BRASIL;NA;13033090;13033210;-23,02533558;-47,079515;-22,91139655;-47,09758805;-22,90252;-47,10632
RUA ABELARDO PIRES DE AVILA JARDIM MARISA CAMPINAS SP 13053200 BRASIL;13053200;RUA ABELARDO PIRES DE AVILA CAMPINAS SAO PAULO 13053200;RUA ABELARDO PIRES DE AVILA JARDIM MARISA CAMPINAS SAO PAULO 13053234 BRAZIL;RUA ABELARDO PIRES DE AVILA JARDIM MARISA CAMPINAS SP 13053200 BRASIL;13053200;13053234;13053200;-23,03531739;-47,10822964;-23,03386797;-47,1084929;-23,0354;-47,10813
AVENIDA DOUTOR ABELARDO POMPEU DO AMARAL ATE VILA INDUSTRIAL CAMPINAS SP 13035590 BRASIL;13035590;AVENIDA DOUTOR ABELARDO POMPEO DO AMARAL CAMPINAS SAO PAULO 13035590;AVENIDA DOUTOR ABELARDO POMPEU DO AMARAL CAMPINAS SAO PAULO 13035600 BRAZIL;AVENIDA DOUTOR ABELARDO POMPEO DO AMARAL VILA INDUSTRIAL CAMPINAS SP 13035590 BRASIL;13035590;13035600;13035590;-22,91236434;-47,081904;-22,9123177;-47,08194845;-22,91227;-47,08189
AVENIDA DOUTOR ABELARDO POMPEU DO AMARAL DE AO FIM VILA INDUSTRIAL CAMPINAS SP 13035600 BRASIL;13035600;AVENIDA DOUTOR ABELARDO POMPEO DO AMARAL CAMPINAS SAO PAULO 13035600;AVENIDA DOUTOR ABELARDO POMPEU DO AMARAL CAMPINAS SAO PAULO 13035600 BRAZIL;AVENIDA DOUTOR ABELARDO POMPEO DO AMARAL VILA INDUSTRIAL CAMPINAS SP 13035600 BRASIL;13035600;13035600;13035600;-22,91268945;-47,08064282;-22,9123944;-47,081456;-22,91269;-47,08064
RUA DAS ABELIAS ALPHAVILLE DOM PEDRO CAMPINAS SP 13097173 BRASIL;13097173;RUA DAS ABELIAS CAMPINAS SAO PAULO 13097173;RUA DAS ABELIAS AV ALPHAVILLE JARDIM MADALENA CAMPINAS SAO PAULO 13097173 BRAZIL;RUA DOM PEDRO I JARDIM BRASIL CAMPINAS SP 13073003 BRASIL;13097173;13097173;13073003;-22,85335334;-47,01539925;-22,85560505;-47,02138575;-22,88537;-47,06759
RUA ABIGAIL ARANTES LEITE BOSQUE DAS PALMEIRAS CAMPINAS SP 13086720 BRASIL;13086720;RUA ABIGAIL ARANTES LEITE CAMPINAS SAO PAULO 13086720;RUA ABIGAIL ARANTES LEITE CIDADE UNIVERSITARIA CAMPINAS SAO PAULO 13086720 BRAZIL;RUA ABIGAIL ARANTES LEITE BOSQUE DAS PALMEIRAS CAMPINAS SP 13086720 BRASIL;13086720;13086720;13086720;-22,78744499;-47,03942088;-22,78807855;-47,0399756;-22,78745;-47,03942
RUA ABIGAIL ZENI NADER ATE DIC VI CONJUNTO HABITACIONAL SANTO DIAS SILVA CAMPINAS SP 13054696 BRASIL;13054696;CONJUNTO HABITACIONAL SANTO DIAS CAMPINAS SAO PAULO 13054113;RUA ABIGAIL ZENI NADER RUA ALICE DIAS DA SILVA NUCLEO HABITACIONAL LECH WALESA CAMPINAS SAO PAULO 13054490 BRAZIL;RUA ABIGAIL ZENI NADER DIC VI CAMPINAS SP 13054696 BRASIL;13054113;13054490;13054696;-22,97520982;-47,12655957;-22,9770884;-47,127564;-22,97857;-47,12738
RUA ABIGAIL ZENI NADER DE AO FIM DIC V CONJUNTO HABITACIONAL CHICO MENDES CAMPINAS SP 13054500 BRASIL;13054500;RUA ABIGAIL ZENI NADER CAMPINAS SAO PAULO 13054500;RUA ABIGAIL ZENI NADER NUCLEO HABITACIONAL LECH WALESA CAMPINAS SAO PAULO 13054490 BRAZIL;RUA ABIGAIL ZENI NADER DIC V CAMPINAS SP 13054500 BRASIL;13054500;13054490;13054500;-22,98047755;-47,12410897;-22,9768419;-47,12757155;-22,98018;-47,12349
RUA ABILIO ALVES RABELO ELDORADO DOS CARAJAS CAMPINAS SP 13054287 BRASIL;13054287;RUA ABILIO ALVES RABELO CAMPINAS SAO PAULO 13054287;RUA ABILIO ALVES RABELO OURO VERDE CAMPINAS SAO PAULO 13054287 BRAZIL;RUA ABILIO ALVES RABELO ELDORADO DE CARAJAS CAMPINAS SP 13054287 BRASIL;13054287;13054287;13054287;-22,98728;-47,12438001;-22,9877259;-47,126563;-22,98727;-47,12506
PRACA ABILIO DE JESUS DIAS JARDIM NOVO CAMPOS ELISEOS CAMPINAS SP 13050588 BRASIL;13050588;13050 CAMPINAS SAO PAULO;CAMPINAS BRAZIL;JARDIM NOVO CAMPOS ELISEOS CAMPINAS SP BRASIL;NA;NA;13060410;-22,93679424;-47,10078553;-22,90563965;-47,05956268;-22,93142;-47,10672
RUA ABILIO FERNANDES JARDIM ALVORADA CAMPINAS SP 13050743 BRASIL;13050743;RUA ABILIO FERNANDES CAMPINAS SAO PAULO 13050743;RUA ABILIO FERNANDES JARDIM YEDA CAMPINAS SAO PAULO 13050743 BRAZIL;RUA ABILIO FERNANDES PARQUE IPIRANGA CAMPINAS SP 13050743 BRASIL;13050743;13050743;13050743;-22,94914263;-47,10611579;-22,95031962;-47,10641586;-22,94959;-47,10632
RUA ABILIO FERNANDES SERRA JARDIM GARCIA CAMPINAS SP 13061093 BRASIL;13061093;RUA ABILIO FERNANDES SERRA CAMPINAS SAO PAULO 13061093;RUA ABILIO FERNANDES SERRA NUCLEO RESIDENCIAL JARDIM CAMPOS ELISIOS CAMPINAS SAO PAULO 13061093 BRAZIL;RUA ABILIO FERNANDES SERRA JARDIM GARCIA CAMPINAS SP 13061093 BRASIL;13061093;13061093;13061093;-22,913095;-47,10279502;-22,91319925;-47,1028575;-22,91309;-47,10279
RUA ABILIO JOSE DOS SANTOS JARDIM NOVO CAMPOS ELISEOS CAMPINAS SP 13050712 BRASIL;13050712;RUA ABILIO JOSE DOS SANTOS CAMPINAS SAO PAULO 13050712;RUA ABILIO JOSE DOS SANTOS JARDIM NOVO CAMPOS ELISEOS CAMPINAS SAO PAULO 13050712 BRAZIL;RUA ABILIO JOSE DOS SANTOS JARDIM NOVO CAMPOS ELISEOS CAMPINAS SP 13050712 BRASIL;13050712;13050712;13050712;-22,94478201;-47,1078711;-22,94482215;-47,10749595;-22,94478;-47,10787
RUA ABILIO LUZ RESIDENCIAL LAUERZ SWISS PARK CAMPINAS SP 13049511 BRASIL;13049511;RUA ABILIO LUZ CAMPINAS SAO PAULO 13049511;RUA ABILIO LUZ SWISS PARK CAMPINAS SAO PAULO 13049511 BRAZIL;RUA ABILIO LUZ SWISS PARK CAMPINAS SP 13049511 BRASIL;13049511;13049511;13049511;-22,97076608;-47,07625656;-22,97086785;-47,07588925;-22,97077;-47,07626
RUA ABILIO VILELA JUNQUEIRA CHACARA SANTA MARGARIDA CAMPINAS SP 13085420 BRASIL;13085420;RUA ABILIO VILELA JUNQUEIRA BARAO GERALDO CAMPINAS SAO PAULO 13085420;RUA ABILIO VILELA JUNQUEIRA BARAO GERALDO CAMPINAS SAO PAULO 13085420 BRAZIL;RUA ABILIO VILELA JUNQUEIRA CHACARA SANTA MARGARIDA GUARA CAMPINAS SP 13085420 BRASIL;13085420;13085420;13085420;-22,7877828;-47,07398232;-22,7871635;-47,07302512;-22,78677;-47,07161
RUA ABIURANA LOTEAMENTO ALPHAVILLE CAMPINAS SP 13098358 BRASIL;13098358;RUA ABIURANA CAMPINAS SAO PAULO 13098358;RUA ABIURANA PARQUE DOS POMARES CAMPINAS SAO PAULO 13098358 BRAZIL;RUA ABIURANA ALPHAVILLE CAMPINAS CAMPINAS SP 13098358 BRASIL;13098358;13098358;13098358;-22,81709351;-47,01796956;-22,81698006;-47,01888324;-22,81709;-47,01795
RUA ABNER MAIA JARDIM SANTA TEREZINHA CAMPINAS SP 13052161 BRASIL;13052161;RUA ABNER MAIA CAMPINAS SAO PAULO 13052161;RUA BENEDITO MAIA DE FIGUEIREDO JARDIM SANTA TEREZINHA MOGIGUACU SAO PAULO 13848189 BRAZIL;RUA ABNER MAIA JARDIM SANTA TEREZINHA CAMPINAS SP 13052161 BRASIL;13052161;13848189;13052161;-22,96175;-47,11146501;-22,33325367;-46,93166923;-22,96183;-47,11097
RUA ABNER PAULO DE OLIVEIRA PARQUE ELDORADO CAMPINAS SP 13052766 BRASIL;13052766;RUA ABNER PAULO DE OLIVEIRA CAMPINAS SAO PAULO 13052766;RUA ABNER PAULO DE OLIVEIRA JARDIM NOVA MERCEDES CAMPINAS SAO PAULO 13052766 BRAZIL;RUA ABNER PAULO DE OLIVEIRA PARQUE ELDORADO CAMPINAS SP 13052766 BRASIL;13052766;13052766;13052766;-22,98333095;-47,08786121;-22,98377735;-47,0877378;-22,98336;-47,08786
RUA DA ABOLICAO ATE PONTE PRETA CAMPINAS SP 13041445 BRASIL;13041445;RUA DA ABOLICAO CAMPINAS SAO PAULO 13041445;RUA DA ABOLICAO CAMPINAS SAO PAULO 13041445 BRAZIL;RUA DA ABOLICAO PONTE PRETA CAMPINAS SP 13041445 BRASIL;13041445;13041445;13041445;-22,91821117;-47,05322885;-22,91553566;-47,05468058;-22,91878;-47,05258
RUA DA ABOLICAO DE AO FIM VILA JOAQUIM INACIO CAMPINAS SP 13045750 BRASIL;13045750;RUA DA ABOLICAO CAMPINAS SAO PAULO 13045750;RUA DA ABOLICAO VILA IPE CAMPINAS SAO PAULO 13045750 BRAZIL;RUA DA ABOLICAO VILA JOAQUIM INACIO CAMPINAS SP 13045750 BRASIL;13045750;13045750;13045750;-22,93190244;-47,03641244;-22,931038;-47,03742695;-22,93046;-47,03804
RUA ABRAHAO PASMANIK JARDIM ICARAI CAMPINAS SP 13051412 BRASIL;13051412;RUA ABRAHAO PASMANIK CAMPINAS SAO PAULO 13051412;RUA ABRAHAO PASMANIK SWISS PARK CAMPINAS SAO PAULO 13051411 BRAZIL;RUA ABRAHAO PASMANIK JARDIM NOEMIA CAMPINAS SP 13051412 BRASIL;13051412;13051411;13051412;-22,9550247;-47,0788553;-22,95571952;-47,07825432;-22,95502;-47,07885
AVENIDA ABRAM STEINBERG BAIRRO DAS PALMEIRAS CAMPINAS SP 13092597 BRASIL;13092597;AVENIDA ABRAM STEINBERG CAMPINAS SAO PAULO 13092597;AVENIDA ABRAM STEINBERG BAIRRO DAS PALMEIRAS CAMPINAS SAO PAULO 13092597 BRAZIL;AVENIDA ABRAM STEINBERG BAIRRO DAS PALMEIRAS CAMPINAS SP 13092597 BRASIL;13092597;13092597;13092597;-22,89604093;-47,01206618;-22,89638015;-47,0091333;-22,89614;-47,01117
RUA ABRAN GELWAN JARDIM BOTANICO SOUSAS CAMPINAS SP 13106286 BRASIL;13106286;RUA ABRAN GELWAN SOUSAS CAMPINAS SAO PAULO 13106286;RUA ABRAN GELWAN SOUSAS CAMPINAS SAO PAULO 13106286 BRAZIL;RUA ABRAN GELWAN JARDIM BOTANICO SOUSAS CAMPINAS SP 13106286 BRASIL;13106286;13106286;13106286;-22,89178763;-46,96351838;-22,89230405;-46,9636488;-22,89179;-46,96352
RUA DE MARQUES ABRANTES JARDIM SANTA GENEBRA CAMPINAS SP 13080220 BRASIL;13080220;RUA MARQUES DE ABRANTES BARAO GERALDO CAMPINAS SAO PAULO 13080220;RUA MARQUES DE ABRANTES JARDIM SANTA GENEBRA CAMPINAS SAO PAULO 13080220 BRAZIL;RUA MARQUES DE ABRANTES JARDIM SANTA GENEBRA CAMPINAS SP 13080220 BRASIL;13080220;13080220;13080220;-22,8505008;-47,06623255;-22,85000378;-47,06650226;-22,8503;-47,06634
RUA ABRAO BARACAT JARDIM SAO JOSE CAMPINAS SP 13051155 BRASIL;13051155;RUA ABRAO BARACAT CAMPINAS SAO PAULO 13051155;RUA ANTONIO BARACAT JARDIM ESPLANADA CAMPINAS SAO PAULO 13057009 BRAZIL;RUA ABRAO BARACAT CAMPINAS SP 13051155 BRASIL;13051155;13057009;13051155;-22,95963998;-47,09687795;-22,9723308;-47,15314956;-22,95942;-47,09734
RUA ABRAO JOSE JORGE JARDIM OURO PRETO CAMPINAS SP 13059776 BRASIL;13059776;RUA ABRAO JOSE JORGE CAMPINAS SAO PAULO 13059776;RUA DOM IDILIO JOSE SOARES RUA VISCONDE DE OURO PRETO JARDIM MADALENA CAMPINAS SAO PAULO 13091580 BRAZIL;RUA ABRAO JOSE JORGE JARDIM OURO PRETO CAMPINAS SP 13059776 BRASIL;13059776;13091580;13059776;-22,95671499;-47,13293001;-22,8731207;-47,0254033;-22,95671;-47,13293
RUA ABROLHOS JARDIM SANTO ANTONIO CAMPINAS SP 13054776 BRASIL;13054776;RUA ABROLHOS CAMPINAS SAO PAULO 13054776;RUA ANTONIO CAMPANA JARDIM YEDA CAMPINAS SAO PAULO BRAZIL;PADARIA SANTO ANTONIO RUA ABROLHOS 15 DIC IV CAMPINAS SP 13054776 BRASIL;13054776;NA;13054776;-22,99118821;-47,12091718;-22,9686408;-47,11433995;-22,99132;-47,12091
RUA ABUNA PARQUE UNIVERSITARIO DE VIRACOPOS CAMPINAS SP 13056483 BRASIL;13056483;RUA ABUNA CAMPINAS SAO PAULO 13056483;RUA ABA PARQUE UNIVERSITARIO DE VIRACOPOS CAMPINAS SAO PAULO 13056502 BRAZIL;RUA ABUNA PARQUE UNIVERSITARIO DE VIRACOPOS CAMPINAS SP 13056483 BRASIL;13056483;13056502;13056483;-22,97063813;-47,14151174;-22,96386628;-47,14970391;-22,97064;-47,14151
RUA ACACIA JARDIM CAPIVARI CAMPINAS SP 13050816 BRASIL;13050816;RUA ACACIA CAMPINAS SAO PAULO 13050816;RUA ACACIA NUCLEO RESIDENCIAL JARDIM CAPIVARI CAMPINAS SAO PAULO 13050816 BRAZIL;RUA ACACIA JARDIM CAPIVARI CAMPINAS SP 13050816 BRASIL;13050816;13050816;13050816;-22,95714501;-47,10984998;-22,95738665;-47,10969765;-22,95714;-47,10985
RUA ACACIA MIMOSA LOTEAMENTO SOLAR CAMPINAS SP 13085692 BRASIL;13085692;RUA ACACIA MIMOSA CAMPINAS SAO PAULO 13085692;RUA ACACIA MIMOSA BARAO GERALDO CAMPINAS SAO PAULO 13085692 BRAZIL;RUA ACACIA MIMOSA LOTEAMENTO SOLAR DE CAMPINAS CAMPINAS SP 13085692 BRASIL;13085692;13085692;13085692;-22,79238526;-47,09708086;-22,79335574;-47,09647593;-22,79239;-47,09708
RUA DAS ACACIAS VILA BOA VISTA CAMPINAS SP 13064797 BRASIL;13064797;RUA DAS ACACIAS CAMPINAS SAO PAULO 13064797;RUA DAS ACACIAS NOVA BOA VISTA CAMPINAS SAO PAULO 13064797 BRAZIL;RUA DAS ACACIAS VILA BOA VISTA CAMPINAS SP 13064797 BRASIL;13064797;13064797;13064797;-22,89010562;-47,12373167;-22,8880436;-47,12605145;-22,89148;-47,12354
RUA ACAI BAIRRO DAS PALMEIRAS CAMPINAS SP 13092587 BRASIL;13092587;RUA ACAI CAMPINAS SAO PAULO 13092587;RUA ACAI BAIRRO DAS PALMEIRAS CAMPINAS SAO PAULO 13092587 BRAZIL;RUA ACAI BAIRRO DAS PALMEIRAS CAMPINAS SP 13092587 BRASIL;13092587;13092587;13092587;-22,89991;-47,020445;-22,8995843;-47,0190591;-22,90005;-47,02097
RUA DOS ACAJUS VILA BOA VISTA CAMPINAS SP 13064745 BRASIL;13064745;RUA DOS ACAJUS CAMPINAS SAO PAULO 13064745;RUA DOS ACAJUS NOVA BOA VISTA CAMPINAS SAO PAULO 13064745 BRAZIL;RUA DOS ACAJUS VILA BOA VISTA CAMPINAS SP 13064745 BRASIL;13064745;13064745;13064745;-22,88703001;-47,12569999;-22,88703904;-47,12564913;-22,88703;-47,1257
ALAMEDA DAS ACEROLAS LOTEAMENTO CHACARA PRADO CAMPINAS SP 13042093 BRASIL;13042093;ALAMEDA DAS ACEROLAS CAMPINAS SAO PAULO 13042093;R DAS ACEROLAS CAMPINAS PINDAMONHANGABA SAO PAULO 12415462 BRAZIL;ALAMEDA DAS ACEROLAS PARQUE PRADO CAMPINAS SP 13042093 BRASIL;13042093;12415462;13042093;-22,93666485;-47,05089369;-22,98570775;-45,4018331;-22,93655;-47,05095
ESTRADA ACESSO A VILA LUNARDI CAMPINAS SP 13067170 BRASIL;13067170;13067 CAMPINAS SAO PAULO;R OLINTHO LUNARDI VILA DO PRESIDIO CAMPINAS SAO PAULO 13067200 BRAZIL;VILA LUNARDI CAMPINAS SP BRASIL;NA;13067200;13067102;-22,88472515;-47,1419331;-22,8820181;-47,1495881;-22,88341;-47,15117
ESTRADA DE ACESSO XTAL POLO II DE ALTA TECNOLOGIA CAMPINAS SP 13086520 BRASIL;13086520;13086 CAMPINAS SAO PAULO;BRAZIL;IDEALIZEPRINT EM POLO II DE ALTA TECNOLOGIA RUA DOUTOR RICARDO BENETTON MARTINS 1000 CAMPINAS SP 13086510 BRASIL;NA;NA;13086510;-22,79293233;-47,0421735;-10,33333302;-53,20000076;-22,81688;-47,0448
RUA PROFESSOR ACHILLE BASSI CIDADE UNIVERSITARIA CAMPINAS SP 13083530 BRASIL;13083530;RUA PROFESSOR ACHILLE BASSI BARAO GERALDO CAMPINAS SAO PAULO 13083530;RUA PROFESSOR ACHILLE BASSI CIDADE UNIVERSITARIA CAMPINAS SAO PAULO 13083530 BRAZIL;RUA PROFESSOR ACHILLE BASSI CIDADE UNIVERSITARIA CAMPINAS SP 13083530 BRASIL;13083530;13083530;13083530;-22,80180503;-47,0750293;-22,80111285;-47,07495525;-22,80181;-47,07503
RUA ACHILLES BERTOLDI CIDADE SATELITE IRIS CAMPINAS SP 13059623 BRASIL;13059623;RUA ACHILLES BERTOLDI CAMPINAS SAO PAULO 13059623;RUA ACHILLES BERTOLDI CAMPO GRANDE CAMPINAS SAO PAULO 13058326 BRAZIL;RUA ACHILLES BERTOLDI CIDADE SATELITE IRIS CAMPINAS SP 13059623 BRASIL;13059623;13058326;13059623;-22,93562833;-47,16557241;-22,9367233;-47,16480315;-22,93583;-47,16415
RUA ACHILLES BRASIL JARDIM MAISA CAMPINAS SP 13046360 BRASIL;13046360;RUA ACHILES BRASIL CAMPINAS SAO PAULO 13046360;RUA ACHILLES BRASIL JARDIM ANTONIO VON ZUBEN CAMPINAS SAO PAULO 13046360 BRAZIL;RUA ACHILES BRASIL JARDIM ESMERALDINA CAMPINAS SP 13046360 BRASIL;13046360;13046360;13046360;-22,93567874;-47,01383265;-22,9356799;-47,0143614;-22,93568;-47,01384
RUA DOS ACOCES VILA COSTA E SILVA CAMPINAS SP 13081360 BRASIL;13081360;RUA DOS ACOCES BARAO GERALDO CAMPINAS SAO PAULO 13081360;RUA DOS ACOCES VILA COSTA E SILVA CAMPINAS SAO PAULO 13081360 BRAZIL;RUA DOS ACOCES VILA COSTA E SILVA CAMPINAS SP 13081360 BRASIL;13081360;13081360;13081360;-22,85500866;-47,06928532;-22,85497355;-47,0692692;-22,85501;-47,06929
RUA ACOR VILA PADRE MANOEL DE NOBREGA CAMPINAS SP 13061347 BRASIL;13061347;RUA ACOR CAMPINAS SAO PAULO 13061347;RUA FRANCISCO MENDES NUCLEO RESIDENCIAL JARDIM CAMPOS ELISIOS CAMPINAS SAO PAULO 13061144 BRAZIL;RUA ACOR VILA PADRE MANOEL DA NOBREGA CAMPINAS SP 13061347 BRASIL;13061347;13061144;13061347;-22,90820175;-47,11567283;-22,90574655;-47,11299456;-22,9082;-47,11567
RUA ACRISIO PACHECO JARDIM DO LAGO CAMPINAS SP 13050004 BRASIL;13050004;RUA ACRISIO PACHECO CAMPINAS SAO PAULO 13050004;RUA ACRISIO PACHECO NUCLEO RESIDENCIAL JARDIM NOVOS CAMPOS ELISIOS CAMPINAS SAO PAULO 13050004 BRAZIL;RUA ACRISIO PACHECO JARDIM DO LAGO CAMPINAS SP 13050004 BRASIL;13050004;13050004;13050004;-22,93090059;-47,08247611;-22,93090331;-47,08247837;-22,9309;-47,08248
RUA DO ACROBATA RESIDENCIAL PARQUE DAS ARAUCARIAS CAMPINAS SP 13105806 BRASIL;13105806;RUA DO ACROBATA CAMPINAS SAO PAULO 13105806;RUA DO ACROBATA SOUSAS CAMPINAS SAO PAULO 13105806 BRAZIL;RUA DO ACROBATA LOTEAMENTO PARQUE DAS HORTENCIAS CAMPINAS SP 13105806 BRASIL;13105806;13105806;13105806;-22,89663242;-46,99264919;-22,8968444;-46,9925348;-22,89658;-46,99273
RUA ACU LOTEAMENTO ALPHAVILLE CAMPINAS SP 13098335 BRASIL;13098335;RUA ACU CAMPINAS SAO PAULO 13098335;RUA ACU JARDIM MIRIAM CAMPINAS SAO PAULO 13098335 BRAZIL;RUA ACU ALPHAVILLE CAMPINAS CAMPINAS SP 13098335 BRASIL;13098335;13098335;13098335;-22,82001388;-47,0357834;-22,82000815;-47,0360113;-22,82002;-47,03572
RUA DO ACUCAR JARDIM CHAPADAO CAMPINAS SP 13070024 BRASIL;13070024;RUA DO ACUCAR CAMPINAS SAO PAULO 13070024;RUA DO ASSUCAR JARDIM CHAPADAO CAMPINAS SAO PAULO 13070024 BRAZIL;RUA DO ACUCAR JARDIM CHAPADAO CAMPINAS SP 13070024 BRASIL;13070024;13070024;13070024;-22,89695485;-47,08578071;-22,8976582;-47,08582945;-22,89695;-47,08578
RUA DAS ACUCENAS JARDIM DAS BANDEIRAS CAMPINAS SP 13050072 BRASIL;13050072;RUA DAS ACUCENAS CAMPINAS SAO PAULO 13050072;RUA DAS ACUCENAS JARDIM NOVO CAMPOS ELISEOS CAMPINAS SAO PAULO 13050072 BRAZIL;RUA DAS ACUCENAS JARDIM DAS BANDEIRAS CAMPINAS SP 13050072 BRASIL;13050072;13050072;13050072;-22,95069692;-47,09424225;-22,95112505;-47,0924788;-22,9507;-47,09424
RUA DA ACURANA RESIDENCIAL PARQUE DAS ARAUCARIAS CAMPINAS SP 13105815 BRASIL;13105815;RUA DA ACURANA CAMPINAS SAO PAULO 13105815;RUA DA ACURANA SOUSAS CAMPINAS SAO PAULO 13105815 BRAZIL;RUA DA ACURANA LOTEAMENTO PARQUE DAS HORTENCIAS CAMPINAS SP 13105815 BRASIL;13105815;13105815;13105815;-22,89657;-46,99240502;-22,89657185;-46,9923562;-22,89657;-46,9924
RUA ACURCIO FERREIRA PESSOA JARDIM MONTE CRISTOPARQUE OZIEL CAMPINAS SP 13049071 BRASIL;13049071;RUA ACURCIO FERREIRA PESSOA CAMPINAS SAO PAULO 13049071;RUA ACURCIO FERREIRA PESSOA NUCLEO RESIDENCIAL JARDIM NOVOS CAMPOS ELISIOS CAMPINAS SAO PAULO 13049071 BRAZIL;RUA ACURCIO FERREIRA PESSOA PARQUE OZIEL CAMPINAS SP 13049071 BRASIL;13049071;13049071;13049071;-22,9389238;-47,08330263;-22,93890315;-47,08327532;-22,93892;-47,0833
RUA ADA DE OLIVEIRA VILA PALMEIRAS II CAMPINAS SP 13053260 BRASIL;13053260;RUA ADA DE OLIVEIRA CAMPINAS SAO PAULO 13053260;RUA ADA DE OLIVEIRA JARDIM MARISA CAMPINAS SAO PAULO BRAZIL;RUA ADA DE OLIVEIRA VILA PALMEIRAS II CAMPINAS SP 13053260 BRASIL;13053260;NA;13053260;-23,02813573;-47,10007148;-23,0291648;-47,0994277;-23,02814;-47,10007
RUA ADA GUERNELLI MAIA LOTEAMENTO RESIDENCIAL NOVO MUNDO CAMPINAS SP 13058288 BRASIL;13058288;RUA ADA GUERNELLI MAIA CAMPINAS SAO PAULO 13058288;RUA ADA GUERNELLI MAIA CAMPO GRANDE CAMPINAS SAO PAULO 13058288 BRAZIL;RUA ADA GUERNELLI MAIA LOTEAMENTO RESIDENCIAL NOVO MUNDO CAMPINAS SP 13058288 BRASIL;13058288;13058288;13058288;-22,94786;-47,17393001;-22,94784024;-47,17390796;-22,94786;-47,17393
RUA ADA MARIA BERTON DALMEDICO MORADA DAS NASCENTES JOAQUIM EGIDIO CAMPINAS SP 13108297 BRASIL;13108297;13108 JOAQUIM EGIDIO CAMPINAS SAO PAULO;RUA ANA SANTINA PEREIRA PRACA DA SAUDE CAMPINAS SAO PAULO 13042832 BRAZIL;MORADA DAS NASCENTES CAMPINAS SP BRASIL;NA;13042832;NA;-22,92760205;-46,90206391;-22,97410175;-47,03791772;-22,87666;-46,92495
RUA ADA MATALLO PAVANI RESIDENCIAL LENK SWISS PARK CAMPINAS SP 13049436 BRASIL;13049436;RUA ADA MATALLO PAVANI CAMPINAS SAO PAULO 13051;RUA ADA MATALLO PAVANI SWISS PARK CAMPINAS SAO PAULO BRAZIL;RUA ADA MATALLO PAVANI SWISS PARK CAMPINAS SP BRASIL;NA;NA;NA;-22,97372779;-47,06990858;-22,97427905;-47,0713414;-22,97373;-47,06991
RUA ADA MATALLO PAVANI RESIDENCIAL VEVEY SWISS PARK CAMPINAS SP 13049465 BRASIL;13049465;RUA ADA MATALLO PAVANI CAMPINAS SAO PAULO 13051;RUA ADA MATALLO PAVANI SWISS PARK CAMPINAS SAO PAULO BRAZIL;RUA ADA MATALLO PAVANI SWISS PARK CAMPINAS SP BRASIL;NA;NA;NA;-22,97372779;-47,06990858;-22,97427905;-47,0713414;-22,97373;-47,06991
RUA ADALBERTO INACIO NOGUEIRA JARDIM SAO CRISTOVAO CAMPINAS SP 13056283 BRASIL;13056283;RUA ADALBERTO INACIO NOGUEIRA CAMPINAS SAO PAULO 13056283;RUA ADALBERTO INACIO NOGUEIRA JARDIM ESPLANADA CAMPINAS SAO PAULO 13056283 BRAZIL;RUA ADALBERTO INACIO NOGUEIRA JARDIM SAO CRISTOVAO CAMPINAS SP 13056283 BRASIL;13056283;13056283;13056283;-22,98606411;-47,14917906;-22,98653995;-47,14896775;-22,98605;-47,14918
RUA ADALBERTO MAIA TAQUARAL CAMPINAS SP 13076007 BRASIL;13076007;RUA ADALBERTO MAIA CAMPINAS SAO PAULO 13076007;RUA ADALBERTO MAIA TAQUARAL CAMPINAS SAO PAULO 13076007 BRAZIL;RUA ADALBERTO MAIA TAQUARAL CAMPINAS SP 13076007 BRASIL;13076007;13076007;13076007;-22,88314425;-47,05323319;-22,88336335;-47,05339135;-22,88314;-47,05323
RUA PROFESSOR ADALBERTO NASCIMENTO SAO BERNARDO CAMPINAS SP 13030730 BRASIL;13030730;RUA PROFESSOR ADALBERTO NASCIMENTO CAMPINAS SAO PAULO 13030730;13030730 BRAZIL;RUA PROFESSOR ADALBERTO NASCIMENTO SAO BERNARDO CAMPINAS SP 13030730 BRASIL;13030730;13030730;13030730;-22,92368589;-47,07625848;-22,92318344;-47,07555008;-22,92369;-47,07626
RUA ADALBERTO PANZAN TERMINAL INTERMODAL DE CARGAS TIC CAMPINAS SP 13069105 BRASIL;13069105;RUA ADALBERTO PANZAN MATAO SUMARE SAO PAULO 13069105;RUA ADALBERTO PANZAN AR3 MATAO SUMARE SAO PAULO 13069105 BRAZIL;TERMINAL INTERMODAL DE CARGAS RUA JOAO C DO AMARAL JARDIM CHAPADAO CAMPINAS SP 13070111 BRASIL;13069105;13069105;13070111;-22,84295;-47,15870499;-22,84279673;-47,15860838;-22,89011;-47,08691
RUA ADALBERTO PATROCINIO JARDIM SAO DOMINGOS CAMPINAS SP 13053314 BRASIL;13053314;RUA ADALBERTO PATROCINIO CAMPINAS SAO PAULO 13053314;RUA ALBERTO LANCASTRE JUNIOR AV JARDIM SAO DOMINGOS JARDIM MARISA CAMPINAS SAO PAULO 13053303 BRAZIL;RUA ADALBERTO PATROCINIO JARDIM SAO DOMINGOS CAMPINAS SP 13053314 BRASIL;13053314;13053303;13053314;-23,04257908;-47,1009307;-23,0331584;-47,1037747;-23,04258;-47,10093
RUA PROFESSOR ADALBERTO PRADO E SILVA CIDADE UNIVERSITARIA CAMPINAS SP 13083540 BRASIL;13083540;RUA PROFESSOR ADALBERTO PRADO E SILVA BARAO GERALDO CAMPINAS SAO PAULO 13083540;RUA ADALBERTO PRADO E SILVA CIDADE UNIVERSITARIA CAMPINAS SAO PAULO 13083540 BRAZIL;RUA PROFESSOR ADALBERTO PRADO E SILVA CIDADE UNIVERSITARIA CAMPINAS SP 13083540 BRASIL;13083540;13083540;13083540;-22,81331286;-47,07635309;-22,81303895;-47,0778668;-22,81331;-47,07635
RUA ADALGIZA NERY DE AO FIM JARDIM PROFILURB CAMPINAS SP 13056323 BRASIL;13056323;RUA ADALGIZA NERI CAMPINAS SAO PAULO 13056323;RUA ADALGIZA NERY OURO VERDE CAMPINAS SAO PAULO 13056323 BRAZIL;RUA ADALGIZA NERI JARDIM PROFILURB CAMPINAS SP 13056323 BRASIL;13056323;13056323;13056323;-22,97654001;-47,13379502;-22,97645435;-47,13326355;-22,97654;-47,13379
RUA ADALGIZA NERY ATE DIC I CONJUNTO HABITACIONAL MONSENHOR LUIZ FERNANDO ABREU CAMPINAS SP 13056391 BRASIL;13056391;13056 CAMPINAS SAO PAULO;13056391 BRAZIL;CONJUNTO HABITACIONAL SANTO DIAS DIC VI CAMPINAS SP 13054113 BRASIL;NA;13056391;13054113;-22,99269849;-47,137895;-22,97662926;-47,13407898;-22,97545;-47,12655
RUA ADAMANTINA VILA NOVA CAMPINAS SP 13073109 BRASIL;13073109;RUA ADAMANTINA CAMPINAS SAO PAULO 13073109;RUA ADAMANTINA VILA NOVA CAMPINAS SAO PAULO 13073069 BRAZIL;RUA ADAMANTINA VILA NOVA CAMPINAS SP 13073109 BRASIL;13073109;13073069;13073109;-22,87665657;-47,06966481;-22,87667265;-47,0697844;-22,87666;-47,06966
PRACA ADAMINA DEL SOLDATO SAAD CAMBUI CAMPINAS SP 13024515 BRASIL;13024515;13024 CAMPINAS SAO PAULO;BRAZIL;CAMBUI CAMPINAS SP BRASIL;NA;NA;13024430;-22,89234166;-47,05436597;-10,33333302;-53,20000076;-22,89173;-47,05257
RUA ADAMO ASTOLFI PARQUE CAMELIAS CAMPINAS SP 13052532 BRASIL;13052532;RUA ADAMO ASTOLFI CAMPINAS SAO PAULO 13052532;RUA ADAMO ASTOLFI JARDIM NOVA MERCEDES CAMPINAS SAO PAULO 13052532 BRAZIL;RUA ADAMO ASTOLFI CAMPINAS SP 13052532 BRASIL;13052532;13052532;13052532;-22,9823944;-47,09200263;-22,98321525;-47,09209725;-22,98241;-47,09201
AVENIDA ADAO FOCESI JARDIM DO LAGO CAMPINAS SP 13050000 BRASIL;13050000;JARDIM DO LAGO;AVENIDA ADAO FOCESI NUCLEO RESIDENCIAL JARDIM NOVOS CAMPOS ELISIOS CAMPINAS SAO PAULO 13050000 BRAZIL;AVENIDA ADAO FOCESI JARDIM DO LAGO CAMPINAS SP 13050000 BRASIL;NA;13050000;13050000;-22,9348;-47,08791;-22,9322837;-47,08343425;-22,93274;-47,0844
RUA ADAO GONCALVES ATE CONJUNTO HABITACIONAL PADRE ANCHIETA CAMPINAS SP 13068028 BRASIL;13068028;RUA ADAO GONCALVES NOVA APARECIDA CAMPINAS SAO PAULO 13068028;RUA ADAO GONCALVES VILA PADRE ANCHIETA CAMPINAS SAO PAULO 13068028 BRAZIL;RUA ADAO GONCALVES COHAB PADRE ANCHIETA CAMPINAS SP 13068028 BRASIL;13068028;13068028;13068028;-22,855465;-47,15565998;-22,85677819;-47,15686032;-22,85546;-47,15566
RUA ADAO GONCALVES DE AO FIM JARDIM APARECIDA CAMPINAS SP 13068628 BRASIL;13068628;RUA ADAO GONCALVES NOVA APARECIDA CAMPINAS SAO PAULO 13068628;RUA ADAO GONCALVES FERNANDES NOVA APARECIDA CAMPINAS SAO PAULO 13068 BRAZIL;RUA ADAO GONCALVES NOVA APARECIDA CAMPINAS SP 13068628 BRASIL;13068628;NA;13068628;-22,85686171;-47,15699644;-22,85981945;-47,1484871;-22,85689;-47,15705
RUA ADAO GONCALVES FERNANDES GLEBA SUBDIVISAO DE ADAO GONCALVES FERNANDES CAMPINAS SP 13068596 BRASIL;13068596;RUA ADAO GONCALVES FERNANDES NOVA APARECIDA CAMPINAS SAO PAULO 13068596;RUA ADAO GONCALVES FERNANDES NOVA APARECIDA CAMPINAS SAO PAULO 13068 BRAZIL;RUA ADAO GONCALVES FERNANDES NOVA APARECIDA CAMPINAS SP 13068596 BRASIL;13068596;NA;13068596;-22,85908107;-47,14798911;-22,85981945;-47,1484871;-22,85943;-47,14822
RUA MAESTRO ADAO GOZZI JARDIM OURO BRANCO CAMPINAS SP 13100506 BRASIL;13100506;RUA MAESTRO ADAO COZZI CAMPINAS SAO PAULO 13100506;13100506 BRAZIL;RUA MAESTRO ADAO COZZI JARDIM OURO BRANCO CAMPINAS SP 13100506 BRASIL;13100506;13100506;13100506;-22,92101797;-47,04008367;-22,92092896;-47,04014587;-22,92102;-47,04008
RUA ADAO HOFFMANN VILA INDUSTRIAL CAMPINAS SP 13035010 BRASIL;13035010;RUA ADAO HOFFMAN CAMPINAS SAO PAULO 13035010;RUA ADAO HOFFMANN CAMPINAS SAO PAULO 13035010 BRAZIL;RUA ADAO HOFFMAN VILA INDUSTRIAL CAMPINAS SP 13035010 BRASIL;13035010;13035010;13035010;-22,91106049;-47,07979824;-22,9127649;-47,0799748;-22,91112;-47,0798
RUA ADAO LUIZ CHIMINAZZO RESIDENCIAL BADEN SWISS PARK CAMPINAS SP 13049392 BRASIL;13049392;13049 CAMPINAS SAO PAULO;RUA LUIZ CHAVES SWISS PARK CAMPINAS SAO PAULO 13049485 BRAZIL;RUA MARIA CARMEN CHIMINAZZO SWISS PARK CAMPINAS SP 13049395 BRASIL;NA;13049485;13049395;-22,95861383;-47,096722;-22,9777867;-47,0750716;-22,96311;-47,07183
RUA ADAO RITA RESIDENCIAL PARQUE DA FAZENDA CAMPINAS SP 13060575 BRASIL;13060575;RUA ADAO RITA CAMPINAS SAO PAULO 13060575;RUA ADAO RITA NUCLEO RESIDENCIAL JARDIM CAMPOS ELISIOS CAMPINAS SAO PAULO 13060575 BRAZIL;RUA ADAO RITA JARDIM IPAUSSURAMA CAMPINAS SP 13060575 BRASIL;13060575;13060575;13060575;-22,93034334;-47,1198289;-22,93059195;-47,11842125;-22,93063;-47,11857
RUA ADAO RODRIGUES FILHO CONJUNTO RESIDENCIAL PARQUE SAO BENTO CAMPINAS SP 13058214 BRASIL;13058214;RUA ADAO RODRIGUES FILHO CAMPINAS SAO PAULO 13058214;RUA 44 CAMPO GRANDE CAMPINAS SAO PAULO 13053 BRAZIL;RUA ADAO RODRIGUES FILHO PARQUE SAO BENTO CAMPINAS SP 13058214 BRASIL;13058214;NA;13058214;-22,9672;-47,19965503;-22,96725002;-47,19966454;-22,9672;-47,19965
RUA ADAO SOARES DA SILVA JARDIM MONTE CRISTOPARQUE OZIEL CAMPINAS SP 13049127 BRASIL;13049127;RUA ADAO SOARES DA SILVA CAMPINAS SAO PAULO 13049127;ESTRADA WALDI ABDALLA GNATUS CAMPINAS SAO PAULO 13049010 BRAZIL;RUA ADAO SOARES DA SILVA MONTE CRISTO CAMPINAS SP 13049127 BRASIL;13049127;13049010;13049127;-22,93696765;-47,07771654;-22,9360774;-47,07829784;-22,93697;-47,07772
RUA ADAUTO RIBEIRO DE MELO LOTEAMENTO COUNTRY VILLE CAMPINAS SP 13050182 BRASIL;13050182;RUA ADAUTO RIBEIRO DE MELO CAMPINAS SAO PAULO 13050182;RUA ADAUTO RIBEIRO DE MELO JARDIM NOVO CAMPOS ELISEOS CAMPINAS SAO PAULO 13050182 BRAZIL;RUA ADAUTO RIBEIRO DE MELO LOTEAMENTO COUNTRY VILLE CAMPINAS SP 13050182 BRASIL;13050182;13050182;13050182;-22,9476238;-47,09501245;-22,94762491;-47,09499012;-22,94762;-47,09501
VIELA ADELAIDE CICERO VIDOTTI JARDIM SANTO ANTONIO CAMPINAS SP 13054809 BRASIL;13054809;13054 CAMPINAS SAO PAULO;CAMPINAS BRAZIL;NA;NA;NA;NA;-23,02533558;-47,079515;-22,90563965;-47,05956268;NA;NA
RUA ADELAIDE DANIEL DE ALMEIDA LOTEAMENTO CENTER SANTA GENEBRA CAMPINAS SP 13080661 BRASIL;13080661;RUA ADELAIDE DANIEL DE ALMEIDA CAMPINAS SAO PAULO 13080661;RUA ADELAIDE DANIEL DE ALMIEDA JARDIM SANTA GENEBRA CAMPINAS SAO PAULO 13080661 BRAZIL;RUA ADELAIDE DANIEL DE ALMEIDA CAMPINAS SP 13080661 BRASIL;13080661;13080661;13080661;-22,84924999;-47,08606009;-22,84922582;-47,08567781;-22,84925;-47,08609
RUA ADELAIDE DOS SANTOS BARREIRA JARDIM CHAPADAO CAMPINAS SP 13070007 BRASIL;13070007;RUA ADELAIDE DOS SANTOS BARREIRA CAMPINAS SAO PAULO 13070007;RUA ADELAIDE DOS SANTOS BARREIRA JARDIM CHAPADAO CAMPINAS SAO PAULO 13070007 BRAZIL;RUA ADELAIDE DOS SANTOS BARREIRA JARDIM CHAPADAO CAMPINAS SP 13070007 BRASIL;13070007;13070007;13070007;-22,89256869;-47,09429823;-22,89213451;-47,09459513;-22,89258;-47,09429
RUA SANTA ADELIA JARDIM BRASIL CAMPINAS SP 13073019 BRASIL;13073019;RUA SANTA ADELIA CAMPINAS SAO PAULO 13073019;RUA SANTA ADELIA GUANABARA CAMPINAS SAO PAULO 13073019 BRAZIL;RUA SANTA ADELIA JARDIM BRASIL CAMPINAS SP 13073019 BRASIL;13073019;13073019;13073019;-22,88546001;-47,06505;-22,8857265;-47,0652869;-22,88546;-47,06505
RUA ADELIA ABIB CONJUNTO RESIDENCIAL PARQUE SAO BENTO CAMPINAS SP 13058153 BRASIL;13058153;RUA ADELIA ABIB CAMPINAS SAO PAULO 13058153;RUA ADELIA ABIB CAMPO GRANDE CAMPINAS SAO PAULO 13058153 BRAZIL;RUA ADELIA ABIB PARQUE SAO BENTO CAMPINAS SP 13058153 BRASIL;13058153;13058153;13058153;-22,96534999;-47,20012501;-22,96503485;-47,2002273;-22,96535;-47,20012
